jobage,岗位数量,平均工资
1-3 年,31255,5928.010185822436
10 年以上,23,13666.666666666666
3-5 年,4598,8891.849294423893
5-10 年,1187,12485.108776266996
不限,44207,5232.935321282491
其它工作经验,24,5492.307692307692
应届生,1579,4587.289822679183
