education,岗位数量,平均工资
不限,18881,5329.718688065329
中专,7935,4966.741563491709
初中,4368,4522.4375683774915
博士,29,18776.59574468085
大专,31545,5861.466689023027
小学,459,4148.855529131985
本科,13692,7007.439265244113
硕士,480,8648.64131455399
高中,5484,5074.052662205411
