company,avg_salary
上海美莱投资管理有限公司,50928.57142857143
数智引力（厦门）运动科技有限公司,46000.0
厦门明嘉力管理咨询有限公司,42266.666666666664
厦门立锝电子有限公司,42250.0
厦门造化集团有限公司,40000.0
厦门中南德誉房地产开发有限公司,36428.57142857143
厦门黎林电器有限公司,35064.28571428572
厦门惟未栋力管理咨询有限公司,26071.428571428572
爱睿思（厦门）科技有限公司,25000.0
厦门志诚精一管理咨询有限责任公司,24560.975609756097
