age,岗位数量,平均工资
35岁以上,6757,5095.789687579375
35岁及以下,29535,5489.71570881226
不限,46581,5739.7073104432475
