sex,岗位数量,平均工资
不限,76303,5630.134947977845
女,6116,5246.677929155313
男,454,4454.711425206125
